Soil Type,Suitable Crop
Red Sandy Loam,Groundnut
Red Sandy Loam,Groundnut
Red Sandy Loam,Groundnut
Red Sandy Loam,Groundnut
Red Sandy Loam,Groundnut
Red Sandy Loam,Groundnut
Red Sandy Loam,Groundnut
Red Sandy Loam,Groundnut
Red Sandy Loam,Groundnut
Red Sandy Loam,Groundnut
Red Sandy Loam,Groundnut
Red Sandy Loam,Groundnut
Red Sandy Loam,Groundnut
Red Sandy Loam,Groundnut
Red Sandy Loam,Groundnut
Red Sandy Loam,Groundnut
Red Sandy Loam,Groundnut
Red Sandy Loam,Groundnut
Red Sandy Loam,Groundnut
Red Sandy Loam,Groundnut
Red Sandy Loam,Groundnut
Red Sandy Loam,Groundnut
Red Sandy Loam,Groundnut
Red Sandy Loam,Groundnut
Red Sandy Loam,Groundnut
Red Sandy Loam,Pulses
Red Sandy Loam,Pulses
Red Sandy Loam,Pulses
Red Sandy Loam,Pulses
Red Sandy Loam,Pulses
Red Sandy Loam,Pulses
Red Sandy Loam,Pulses
Red Sandy Loam,Pulses
Red Sandy Loam,Pulses
Red Sandy Loam,Pulses
Red Sandy Loam,Pulses
Red Sandy Loam,Pulses
Red Sandy Loam,Pulses
Red Sandy Loam,Pulses
Red Sandy Loam,Pulses
Red Sandy Loam,Pulses
Red Sandy Loam,Pulses
Red Sandy Loam,Pulses
Red Sandy Loam,Pulses
Red Sandy Loam,Pulses
Red Sandy Loam,Pulses
Red Sandy Loam,Pulses
Red Sandy Loam,Pulses
Red Sandy Loam,Pulses
Red Sandy Loam,Pulses
Red Sandy Loam,Millets
Red Sandy Loam,Millets
Red Sandy Loam,Millets
Red Sandy Loam,Millets
Red Sandy Loam,Millets
Red Sandy Loam,Millets
Red Sandy Loam,Millets
Red Sandy Loam,Millets
Red Sandy Loam,Millets
Red Sandy Loam,Millets
Red Sandy Loam,Millets
Red Sandy Loam,Millets
Red Sandy Loam,Millets
Red Sandy Loam,Millets
Red Sandy Loam,Millets
Red Sandy Loam,Millets
Red Sandy Loam,Millets
Red Sandy Loam,Millets
Red Sandy Loam,Millets
Red Sandy Loam,Millets
Red Sandy Loam,Millets
Red Sandy Loam,Millets
Red Sandy Loam,Millets
Red Sandy Loam,Millets
Red Sandy Loam,Millets
Red Sandy Loam,Cotton
Red Sandy Loam,Cotton
Red Sandy Loam,Cotton
Red Sandy Loam,Cotton
Red Sandy Loam,Cotton
Red Sandy Loam,Cotton
Red Sandy Loam,Cotton
Red Sandy Loam,Cotton
Red Sandy Loam,Cotton
Red Sandy Loam,Cotton
Red Sandy Loam,Cotton
Red Sandy Loam,Cotton
Red Sandy Loam,Cotton
Red Sandy Loam,Cotton
Red Sandy Loam,Cotton
Red Sandy Loam,Cotton
Red Sandy Loam,Cotton
Red Sandy Loam,Cotton
Red Sandy Loam,Cotton
Red Sandy Loam,Cotton
Red Sandy Loam,Cotton
Red Sandy Loam,Cotton
Red Sandy Loam,Cotton
Red Sandy Loam,Cotton
Red Sandy Loam,Cotton
Red Sandy Loam,Sunflower
Red Sandy Loam,Sunflower
Red Sandy Loam,Sunflower
Red Sandy Loam,Sunflower
Red Sandy Loam,Sunflower
Red Sandy Loam,Sunflower
Red Sandy Loam,Sunflower
Red Sandy Loam,Sunflower
Red Sandy Loam,Sunflower
Red Sandy Loam,Sunflower
Red Sandy Loam,Sunflower
Red Sandy Loam,Sunflower
Red Sandy Loam,Sunflower
Red Sandy Loam,Sunflower
Red Sandy Loam,Sunflower
Red Sandy Loam,Sunflower
Red Sandy Loam,Sunflower
Red Sandy Loam,Sunflower
Red Sandy Loam,Sunflower
Red Sandy Loam,Sunflower
Red Sandy Loam,Sunflower
Red Sandy Loam,Sunflower
Red Sandy Loam,Sunflower
Red Sandy Loam,Sunflower
Red Sandy Loam,Sunflower
Black Cotton Soil,Cotton
Black Cotton Soil,Cotton
Black Cotton Soil,Cotton
Black Cotton Soil,Cotton
Black Cotton Soil,Cotton
Black Cotton Soil,Cotton
Black Cotton Soil,Cotton
Black Cotton Soil,Cotton
Black Cotton Soil,Cotton
Black Cotton Soil,Cotton
Black Cotton Soil,Cotton
Black Cotton Soil,Cotton
Black Cotton Soil,Cotton
Black Cotton Soil,Cotton
Black Cotton Soil,Cotton
Black Cotton Soil,Cotton
Black Cotton Soil,Cotton
Black Cotton Soil,Cotton
Black Cotton Soil,Cotton
Black Cotton Soil,Cotton
Black Cotton Soil,Cotton
Black Cotton Soil,Cotton
Black Cotton Soil,Cotton
Black Cotton Soil,Cotton
Black Cotton Soil,Cotton
Black Cotton Soil,Sugarcane
Black Cotton Soil,Sugarcane
Black Cotton Soil,Sugarcane
Black Cotton Soil,Sugarcane
Black Cotton Soil,Sugarcane
Black Cotton Soil,Sugarcane
Black Cotton Soil,Sugarcane
Black Cotton Soil,Sugarcane
Black Cotton Soil,Sugarcane
Black Cotton Soil,Sugarcane
Black Cotton Soil,Sugarcane
Black Cotton Soil,Sugarcane
Black Cotton Soil,Sugarcane
Black Cotton Soil,Sugarcane
Black Cotton Soil,Sugarcane
Black Cotton Soil,Sugarcane
Black Cotton Soil,Sugarcane
Black Cotton Soil,Sugarcane
Black Cotton Soil,Sugarcane
Black Cotton Soil,Sugarcane
Black Cotton Soil,Sugarcane
Black Cotton Soil,Sugarcane
Black Cotton Soil,Sugarcane
Black Cotton Soil,Sugarcane
Black Cotton Soil,Sugarcane
Black Cotton Soil,Tobacco
Black Cotton Soil,Tobacco
Black Cotton Soil,Tobacco
Black Cotton Soil,Tobacco
Black Cotton Soil,Tobacco
Black Cotton Soil,Tobacco
Black Cotton Soil,Tobacco
Black Cotton Soil,Tobacco
Black Cotton Soil,Tobacco
Black Cotton Soil,Tobacco
Black Cotton Soil,Tobacco
Black Cotton Soil,Tobacco
Black Cotton Soil,Tobacco
Black Cotton Soil,Tobacco
Black Cotton Soil,Tobacco
Black Cotton Soil,Tobacco
Black Cotton Soil,Tobacco
Black Cotton Soil,Tobacco
Black Cotton Soil,Tobacco
Black Cotton Soil,Tobacco
Black Cotton Soil,Tobacco
Black Cotton Soil,Tobacco
Black Cotton Soil,Tobacco
Black Cotton Soil,Tobacco
Black Cotton Soil,Tobacco
Black Cotton Soil,Chillies
Black Cotton Soil,Chillies
Black Cotton Soil,Chillies
Black Cotton Soil,Chillies
Black Cotton Soil,Chillies
Black Cotton Soil,Chillies
Black Cotton Soil,Chillies
Black Cotton Soil,Chillies
Black Cotton Soil,Chillies
Black Cotton Soil,Chillies
Black Cotton Soil,Chillies
Black Cotton Soil,Chillies
Black Cotton Soil,Chillies
Black Cotton Soil,Chillies
Black Cotton Soil,Chillies
Black Cotton Soil,Chillies
Black Cotton Soil,Chillies
Black Cotton Soil,Chillies
Black Cotton Soil,Chillies
Black Cotton Soil,Chillies
Black Cotton Soil,Chillies
Black Cotton Soil,Chillies
Black Cotton Soil,Chillies
Black Cotton Soil,Chillies
Black Cotton Soil,Chillies
Black Cotton Soil,Soybean
Black Cotton Soil,Soybean
Black Cotton Soil,Soybean
Black Cotton Soil,Soybean
Black Cotton Soil,Soybean
Black Cotton Soil,Soybean
Black Cotton Soil,Soybean
Black Cotton Soil,Soybean
Black Cotton Soil,Soybean
Black Cotton Soil,Soybean
Black Cotton Soil,Soybean
Black Cotton Soil,Soybean
Black Cotton Soil,Soybean
Black Cotton Soil,Soybean
Black Cotton Soil,Soybean
Black Cotton Soil,Soybean
Black Cotton Soil,Soybean
Black Cotton Soil,Soybean
Black Cotton Soil,Soybean
Black Cotton Soil,Soybean
Black Cotton Soil,Soybean
Black Cotton Soil,Soybean
Black Cotton Soil,Soybean
Black Cotton Soil,Soybean
Black Cotton Soil,Soybean
Coastal Alluvial,Paddy
Coastal Alluvial,Paddy
Coastal Alluvial,Paddy
Coastal Alluvial,Paddy
Coastal Alluvial,Paddy
Coastal Alluvial,Paddy
Coastal Alluvial,Paddy
Coastal Alluvial,Paddy
Coastal Alluvial,Paddy
Coastal Alluvial,Paddy
Coastal Alluvial,Paddy
Coastal Alluvial,Paddy
Coastal Alluvial,Paddy
Coastal Alluvial,Paddy
Coastal Alluvial,Paddy
Coastal Alluvial,Paddy
Coastal Alluvial,Paddy
Coastal Alluvial,Paddy
Coastal Alluvial,Paddy
Coastal Alluvial,Paddy
Coastal Alluvial,Paddy
Coastal Alluvial,Paddy
Coastal Alluvial,Paddy
Coastal Alluvial,Paddy
Coastal Alluvial,Paddy
Coastal Alluvial,Coconut
Coastal Alluvial,Coconut
Coastal Alluvial,Coconut
Coastal Alluvial,Coconut
Coastal Alluvial,Coconut
Coastal Alluvial,Coconut
Coastal Alluvial,Coconut
Coastal Alluvial,Coconut
Coastal Alluvial,Coconut
Coastal Alluvial,Coconut
Coastal Alluvial,Coconut
Coastal Alluvial,Coconut
Coastal Alluvial,Coconut
Coastal Alluvial,Coconut
Coastal Alluvial,Coconut
Coastal Alluvial,Coconut
Coastal Alluvial,Coconut
Coastal Alluvial,Coconut
Coastal Alluvial,Coconut
Coastal Alluvial,Coconut
Coastal Alluvial,Coconut
Coastal Alluvial,Coconut
Coastal Alluvial,Coconut
Coastal Alluvial,Coconut
Coastal Alluvial,Coconut
Coastal Alluvial,Banana
Coastal Alluvial,Banana
Coastal Alluvial,Banana
Coastal Alluvial,Banana
Coastal Alluvial,Banana
Coastal Alluvial,Banana
Coastal Alluvial,Banana
Coastal Alluvial,Banana
Coastal Alluvial,Banana
Coastal Alluvial,Banana
Coastal Alluvial,Banana
Coastal Alluvial,Banana
Coastal Alluvial,Banana
Coastal Alluvial,Banana
Coastal Alluvial,Banana
Coastal Alluvial,Banana
Coastal Alluvial,Banana
Coastal Alluvial,Banana
Coastal Alluvial,Banana
Coastal Alluvial,Banana
Coastal Alluvial,Banana
Coastal Alluvial,Banana
Coastal Alluvial,Banana
Coastal Alluvial,Banana
Coastal Alluvial,Banana
Coastal Alluvial,Sugarcane
Coastal Alluvial,Sugarcane
Coastal Alluvial,Sugarcane
Coastal Alluvial,Sugarcane
Coastal Alluvial,Sugarcane
Coastal Alluvial,Sugarcane
Coastal Alluvial,Sugarcane
Coastal Alluvial,Sugarcane
Coastal Alluvial,Sugarcane
Coastal Alluvial,Sugarcane
Coastal Alluvial,Sugarcane
Coastal Alluvial,Sugarcane
Coastal Alluvial,Sugarcane
Coastal Alluvial,Sugarcane
Coastal Alluvial,Sugarcane
Coastal Alluvial,Sugarcane
Coastal Alluvial,Sugarcane
Coastal Alluvial,Sugarcane
Coastal Alluvial,Sugarcane
Coastal Alluvial,Sugarcane
Coastal Alluvial,Sugarcane
Coastal Alluvial,Sugarcane
Coastal Alluvial,Sugarcane
Coastal Alluvial,Sugarcane
Coastal Alluvial,Sugarcane
Coastal Alluvial,Tomato
Coastal Alluvial,Tomato
Coastal Alluvial,Tomato
Coastal Alluvial,Tomato
Coastal Alluvial,Tomato
Coastal Alluvial,Tomato
Coastal Alluvial,Tomato
Coastal Alluvial,Tomato
Coastal Alluvial,Tomato
Coastal Alluvial,Tomato
Coastal Alluvial,Tomato
Coastal Alluvial,Tomato
Coastal Alluvial,Tomato
Coastal Alluvial,Tomato
Coastal Alluvial,Tomato
Coastal Alluvial,Tomato
Coastal Alluvial,Tomato
Coastal Alluvial,Tomato
Coastal Alluvial,Tomato
Coastal Alluvial,Tomato
Coastal Alluvial,Tomato
Coastal Alluvial,Tomato
Coastal Alluvial,Tomato
Coastal Alluvial,Tomato
Coastal Alluvial,Tomato
Coastal Alluvial,Brinjal
Coastal Alluvial,Brinjal
Coastal Alluvial,Brinjal
Coastal Alluvial,Brinjal
Coastal Alluvial,Brinjal
Coastal Alluvial,Brinjal
Coastal Alluvial,Brinjal
Coastal Alluvial,Brinjal
Coastal Alluvial,Brinjal
Coastal Alluvial,Brinjal
Coastal Alluvial,Brinjal
Coastal Alluvial,Brinjal
Coastal Alluvial,Brinjal
Coastal Alluvial,Brinjal
Coastal Alluvial,Brinjal
Coastal Alluvial,Brinjal
Coastal Alluvial,Brinjal
Coastal Alluvial,Brinjal
Coastal Alluvial,Brinjal
Coastal Alluvial,Brinjal
Coastal Alluvial,Brinjal
Coastal Alluvial,Brinjal
Coastal Alluvial,Brinjal
Coastal Alluvial,Brinjal
Coastal Alluvial,Brinjal
Coastal Alluvial,Okra
Coastal Alluvial,Okra
Coastal Alluvial,Okra
Coastal Alluvial,Okra
Coastal Alluvial,Okra
Coastal Alluvial,Okra
Coastal Alluvial,Okra
Coastal Alluvial,Okra
Coastal Alluvial,Okra
Coastal Alluvial,Okra
Coastal Alluvial,Okra
Coastal Alluvial,Okra
Coastal Alluvial,Okra
Coastal Alluvial,Okra
Coastal Alluvial,Okra
Coastal Alluvial,Okra
Coastal Alluvial,Okra
Coastal Alluvial,Okra
Coastal Alluvial,Okra
Coastal Alluvial,Okra
Coastal Alluvial,Okra
Coastal Alluvial,Okra
Coastal Alluvial,Okra
Coastal Alluvial,Okra
Coastal Alluvial,Okra
Coastal Alluvial,Pumpkin
Coastal Alluvial,Pumpkin
Coastal Alluvial,Pumpkin
Coastal Alluvial,Pumpkin
Coastal Alluvial,Pumpkin
Coastal Alluvial,Pumpkin
Coastal Alluvial,Pumpkin
Coastal Alluvial,Pumpkin
Coastal Alluvial,Pumpkin
Coastal Alluvial,Pumpkin
Coastal Alluvial,Pumpkin
Coastal Alluvial,Pumpkin
Coastal Alluvial,Pumpkin
Coastal Alluvial,Pumpkin
Coastal Alluvial,Pumpkin
Coastal Alluvial,Pumpkin
Coastal Alluvial,Pumpkin
Coastal Alluvial,Pumpkin
Coastal Alluvial,Pumpkin
Coastal Alluvial,Pumpkin
Coastal Alluvial,Pumpkin
Coastal Alluvial,Pumpkin
Coastal Alluvial,Pumpkin
Coastal Alluvial,Pumpkin
Coastal Alluvial,Pumpkin
Laterite Soil,Cashew Nut
Laterite Soil,Cashew Nut
Laterite Soil,Cashew Nut
Laterite Soil,Cashew Nut
Laterite Soil,Cashew Nut
Laterite Soil,Cashew Nut
Laterite Soil,Cashew Nut
Laterite Soil,Cashew Nut
Laterite Soil,Cashew Nut
Laterite Soil,Cashew Nut
Laterite Soil,Cashew Nut
Laterite Soil,Cashew Nut
Laterite Soil,Cashew Nut
Laterite Soil,Cashew Nut
Laterite Soil,Cashew Nut
Laterite Soil,Cashew Nut
Laterite Soil,Cashew Nut
Laterite Soil,Cashew Nut
Laterite Soil,Cashew Nut
Laterite Soil,Cashew Nut
Laterite Soil,Cashew Nut
Laterite Soil,Cashew Nut
Laterite Soil,Cashew Nut
Laterite Soil,Cashew Nut
Laterite Soil,Cashew Nut
Laterite Soil,Millets
Laterite Soil,Millets
Laterite Soil,Millets
Laterite Soil,Millets
Laterite Soil,Millets
Laterite Soil,Millets
Laterite Soil,Millets
Laterite Soil,Millets
Laterite Soil,Millets
Laterite Soil,Millets
Laterite Soil,Millets
Laterite Soil,Millets
Laterite Soil,Millets
Laterite Soil,Millets
Laterite Soil,Millets
Laterite Soil,Millets
Laterite Soil,Millets
Laterite Soil,Millets
Laterite Soil,Millets
Laterite Soil,Millets
Laterite Soil,Millets
Laterite Soil,Millets
Laterite Soil,Millets
Laterite Soil,Millets
Laterite Soil,Millets
Laterite Soil,Pulses
Laterite Soil,Pulses
Laterite Soil,Pulses
Laterite Soil,Pulses
Laterite Soil,Pulses
Laterite Soil,Pulses
Laterite Soil,Pulses
Laterite Soil,Pulses
Laterite Soil,Pulses
Laterite Soil,Pulses
Laterite Soil,Pulses
Laterite Soil,Pulses
Laterite Soil,Pulses
Laterite Soil,Pulses
Laterite Soil,Pulses
Laterite Soil,Pulses
Laterite Soil,Pulses
Laterite Soil,Pulses
Laterite Soil,Pulses
Laterite Soil,Pulses
Laterite Soil,Pulses
Laterite Soil,Pulses
Laterite Soil,Pulses
Laterite Soil,Pulses
Laterite Soil,Pulses
Laterite Soil,Root Crops
Laterite Soil,Root Crops
Laterite Soil,Root Crops
Laterite Soil,Root Crops
Laterite Soil,Root Crops
Laterite Soil,Root Crops
Laterite Soil,Root Crops
Laterite Soil,Root Crops
Laterite Soil,Root Crops
Laterite Soil,Root Crops
Laterite Soil,Root Crops
Laterite Soil,Root Crops
Laterite Soil,Root Crops
Laterite Soil,Root Crops
Laterite Soil,Root Crops
Laterite Soil,Root Crops
Laterite Soil,Root Crops
Laterite Soil,Root Crops
Laterite Soil,Root Crops
Laterite Soil,Root Crops
Laterite Soil,Root Crops
Laterite Soil,Root Crops
Laterite Soil,Root Crops
Laterite Soil,Root Crops
Laterite Soil,Root Crops
Laterite Soil,Coffee
Laterite Soil,Coffee
Laterite Soil,Coffee
Laterite Soil,Coffee
Laterite Soil,Coffee
Laterite Soil,Coffee
Laterite Soil,Coffee
Laterite Soil,Coffee
Laterite Soil,Coffee
Laterite Soil,Coffee
Laterite Soil,Coffee
Laterite Soil,Coffee
Laterite Soil,Coffee
Laterite Soil,Coffee
Laterite Soil,Coffee
Laterite Soil,Coffee
Laterite Soil,Coffee
Laterite Soil,Coffee
Laterite Soil,Coffee
Laterite Soil,Coffee
Laterite Soil,Coffee
Laterite Soil,Coffee
Laterite Soil,Coffee
Laterite Soil,Coffee
Laterite Soil,Coffee
Loamy Soil,Tomato
Loamy Soil,Tomato
Loamy Soil,Tomato
Loamy Soil,Tomato
Loamy Soil,Tomato
Loamy Soil,Tomato
Loamy Soil,Tomato
Loamy Soil,Tomato
Loamy Soil,Tomato
Loamy Soil,Tomato
Loamy Soil,Tomato
Loamy Soil,Tomato
Loamy Soil,Tomato
Loamy Soil,Tomato
Loamy Soil,Tomato
Loamy Soil,Tomato
Loamy Soil,Tomato
Loamy Soil,Tomato
Loamy Soil,Tomato
Loamy Soil,Tomato
Loamy Soil,Tomato
Loamy Soil,Tomato
Loamy Soil,Tomato
Loamy Soil,Tomato
Loamy Soil,Tomato
Loamy Soil,Brinjal
Loamy Soil,Brinjal
Loamy Soil,Brinjal
Loamy Soil,Brinjal
Loamy Soil,Brinjal
Loamy Soil,Brinjal
Loamy Soil,Brinjal
Loamy Soil,Brinjal
Loamy Soil,Brinjal
Loamy Soil,Brinjal
Loamy Soil,Brinjal
Loamy Soil,Brinjal
Loamy Soil,Brinjal
Loamy Soil,Brinjal
Loamy Soil,Brinjal
Loamy Soil,Brinjal
Loamy Soil,Brinjal
Loamy Soil,Brinjal
Loamy Soil,Brinjal
Loamy Soil,Brinjal
Loamy Soil,Brinjal
Loamy Soil,Brinjal
Loamy Soil,Brinjal
Loamy Soil,Brinjal
Loamy Soil,Brinjal
Loamy Soil,Cabbage
Loamy Soil,Cabbage
Loamy Soil,Cabbage
Loamy Soil,Cabbage
Loamy Soil,Cabbage
Loamy Soil,Cabbage
Loamy Soil,Cabbage
Loamy Soil,Cabbage
Loamy Soil,Cabbage
Loamy Soil,Cabbage
Loamy Soil,Cabbage
Loamy Soil,Cabbage
Loamy Soil,Cabbage
Loamy Soil,Cabbage
Loamy Soil,Cabbage
Loamy Soil,Cabbage
Loamy Soil,Cabbage
Loamy Soil,Cabbage
Loamy Soil,Cabbage
Loamy Soil,Cabbage
Loamy Soil,Cabbage
Loamy Soil,Cabbage
Loamy Soil,Cabbage
Loamy Soil,Cabbage
Loamy Soil,Cabbage
Loamy Soil,Cauliflower
Loamy Soil,Cauliflower
Loamy Soil,Cauliflower
Loamy Soil,Cauliflower
Loamy Soil,Cauliflower
Loamy Soil,Cauliflower
Loamy Soil,Cauliflower
Loamy Soil,Cauliflower
Loamy Soil,Cauliflower
Loamy Soil,Cauliflower
Loamy Soil,Cauliflower
Loamy Soil,Cauliflower
Loamy Soil,Cauliflower
Loamy Soil,Cauliflower
Loamy Soil,Cauliflower
Loamy Soil,Cauliflower
Loamy Soil,Cauliflower
Loamy Soil,Cauliflower
Loamy Soil,Cauliflower
Loamy Soil,Cauliflower
Loamy Soil,Cauliflower
Loamy Soil,Cauliflower
Loamy Soil,Cauliflower
Loamy Soil,Cauliflower
Loamy Soil,Cauliflower
Loamy Soil,Spinach
Loamy Soil,Spinach
Loamy Soil,Spinach
Loamy Soil,Spinach
Loamy Soil,Spinach
Loamy Soil,Spinach
Loamy Soil,Spinach
Loamy Soil,Spinach
Loamy Soil,Spinach
Loamy Soil,Spinach
Loamy Soil,Spinach
Loamy Soil,Spinach
Loamy Soil,Spinach
Loamy Soil,Spinach
Loamy Soil,Spinach
Loamy Soil,Spinach
Loamy Soil,Spinach
Loamy Soil,Spinach
Loamy Soil,Spinach
Loamy Soil,Spinach
Loamy Soil,Spinach
Loamy Soil,Spinach
Loamy Soil,Spinach
Loamy Soil,Spinach
Loamy Soil,Spinach
Loamy Soil,Carrot
Loamy Soil,Carrot
Loamy Soil,Carrot
Loamy Soil,Carrot
Loamy Soil,Carrot
Loamy Soil,Carrot
Loamy Soil,Carrot
Loamy Soil,Carrot
Loamy Soil,Carrot
Loamy Soil,Carrot
Loamy Soil,Carrot
Loamy Soil,Carrot
Loamy Soil,Carrot
Loamy Soil,Carrot
Loamy Soil,Carrot
Loamy Soil,Carrot
Loamy Soil,Carrot
Loamy Soil,Carrot
Loamy Soil,Carrot
Loamy Soil,Carrot
Loamy Soil,Carrot
Loamy Soil,Carrot
Loamy Soil,Carrot
Loamy Soil,Carrot
Loamy Soil,Carrot
Loamy Soil,Potato
Loamy Soil,Potato
Loamy Soil,Potato
Loamy Soil,Potato
Loamy Soil,Potato
Loamy Soil,Potato
Loamy Soil,Potato
Loamy Soil,Potato
Loamy Soil,Potato
Loamy Soil,Potato
Loamy Soil,Potato
Loamy Soil,Potato
Loamy Soil,Potato
Loamy Soil,Potato
Loamy Soil,Potato
Loamy Soil,Potato
Loamy Soil,Potato
Loamy Soil,Potato
Loamy Soil,Potato
Loamy Soil,Potato
Loamy Soil,Potato
Loamy Soil,Potato
Loamy Soil,Potato
Loamy Soil,Potato
Loamy Soil,Potato
Loamy Soil,Onion
Loamy Soil,Onion
Loamy Soil,Onion
Loamy Soil,Onion
Loamy Soil,Onion
Loamy Soil,Onion
Loamy Soil,Onion
Loamy Soil,Onion
Loamy Soil,Onion
Loamy Soil,Onion
Loamy Soil,Onion
Loamy Soil,Onion
Loamy Soil,Onion
Loamy Soil,Onion
Loamy Soil,Onion
Loamy Soil,Onion
Loamy Soil,Onion
Loamy Soil,Onion
Loamy Soil,Onion
Loamy Soil,Onion
Loamy Soil,Onion
Loamy Soil,Onion
Loamy Soil,Onion
Loamy Soil,Onion
Loamy Soil,Onion
Loamy Soil,Wheat
Loamy Soil,Wheat
Loamy Soil,Wheat
Loamy Soil,Wheat
Loamy Soil,Wheat
Loamy Soil,Wheat
Loamy Soil,Wheat
Loamy Soil,Wheat
Loamy Soil,Wheat
Loamy Soil,Wheat
Loamy Soil,Wheat
Loamy Soil,Wheat
Loamy Soil,Wheat
Loamy Soil,Wheat
Loamy Soil,Wheat
Loamy Soil,Wheat
Loamy Soil,Wheat
Loamy Soil,Wheat
Loamy Soil,Wheat
Loamy Soil,Wheat
Loamy Soil,Wheat
Loamy Soil,Wheat
Loamy Soil,Wheat
Loamy Soil,Wheat
Loamy Soil,Wheat
Loamy Soil,Barley
Loamy Soil,Barley
Loamy Soil,Barley
Loamy Soil,Barley
Loamy Soil,Barley
Loamy Soil,Barley
Loamy Soil,Barley
Loamy Soil,Barley
Loamy Soil,Barley
Loamy Soil,Barley
Loamy Soil,Barley
Loamy Soil,Barley
Loamy Soil,Barley
Loamy Soil,Barley
Loamy Soil,Barley
Loamy Soil,Barley
Loamy Soil,Barley
Loamy Soil,Barley
Loamy Soil,Barley
Loamy Soil,Barley
Loamy Soil,Barley
Loamy Soil,Barley
Loamy Soil,Barley
Loamy Soil,Barley
Loamy Soil,Barley
Sandy Soil,Groundnut
Sandy Soil,Groundnut
Sandy Soil,Groundnut
Sandy Soil,Groundnut
Sandy Soil,Groundnut
Sandy Soil,Groundnut
Sandy Soil,Groundnut
Sandy Soil,Groundnut
Sandy Soil,Groundnut
Sandy Soil,Groundnut
Sandy Soil,Groundnut
Sandy Soil,Groundnut
Sandy Soil,Groundnut
Sandy Soil,Groundnut
Sandy Soil,Groundnut
Sandy Soil,Groundnut
Sandy Soil,Groundnut
Sandy Soil,Groundnut
Sandy Soil,Groundnut
Sandy Soil,Groundnut
Sandy Soil,Groundnut
Sandy Soil,Groundnut
Sandy Soil,Groundnut
Sandy Soil,Groundnut
Sandy Soil,Groundnut
Sandy Soil,Watermelon
Sandy Soil,Watermelon
Sandy Soil,Watermelon
Sandy Soil,Watermelon
Sandy Soil,Watermelon
Sandy Soil,Watermelon
Sandy Soil,Watermelon
Sandy Soil,Watermelon
Sandy Soil,Watermelon
Sandy Soil,Watermelon
Sandy Soil,Watermelon
Sandy Soil,Watermelon
Sandy Soil,Watermelon
Sandy Soil,Watermelon
Sandy Soil,Watermelon
Sandy Soil,Watermelon
Sandy Soil,Watermelon
Sandy Soil,Watermelon
Sandy Soil,Watermelon
Sandy Soil,Watermelon
Sandy Soil,Watermelon
Sandy Soil,Watermelon
Sandy Soil,Watermelon
Sandy Soil,Watermelon
Sandy Soil,Watermelon
Sandy Soil,Cucumber
Sandy Soil,Cucumber
Sandy Soil,Cucumber
Sandy Soil,Cucumber
Sandy Soil,Cucumber
Sandy Soil,Cucumber
Sandy Soil,Cucumber
Sandy Soil,Cucumber
Sandy Soil,Cucumber
Sandy Soil,Cucumber
Sandy Soil,Cucumber
Sandy Soil,Cucumber
Sandy Soil,Cucumber
Sandy Soil,Cucumber
Sandy Soil,Cucumber
Sandy Soil,Cucumber
Sandy Soil,Cucumber
Sandy Soil,Cucumber
Sandy Soil,Cucumber
Sandy Soil,Cucumber
Sandy Soil,Cucumber
Sandy Soil,Cucumber
Sandy Soil,Cucumber
Sandy Soil,Cucumber
Sandy Soil,Cucumber
Sandy Soil,Carrot
Sandy Soil,Carrot
Sandy Soil,Carrot
Sandy Soil,Carrot
Sandy Soil,Carrot
Sandy Soil,Carrot
Sandy Soil,Carrot
Sandy Soil,Carrot
Sandy Soil,Carrot
Sandy Soil,Carrot
Sandy Soil,Carrot
Sandy Soil,Carrot
Sandy Soil,Carrot
Sandy Soil,Carrot
Sandy Soil,Carrot
Sandy Soil,Carrot
Sandy Soil,Carrot
Sandy Soil,Carrot
Sandy Soil,Carrot
Sandy Soil,Carrot
Sandy Soil,Carrot
Sandy Soil,Carrot
Sandy Soil,Carrot
Sandy Soil,Carrot
Sandy Soil,Carrot
Sandy Soil,Onion
Sandy Soil,Onion
Sandy Soil,Onion
Sandy Soil,Onion
Sandy Soil,Onion
Sandy Soil,Onion
Sandy Soil,Onion
Sandy Soil,Onion
Sandy Soil,Onion
Sandy Soil,Onion
Sandy Soil,Onion
Sandy Soil,Onion
Sandy Soil,Onion
Sandy Soil,Onion
Sandy Soil,Onion
Sandy Soil,Onion
Sandy Soil,Onion
Sandy Soil,Onion
Sandy Soil,Onion
Sandy Soil,Onion
Sandy Soil,Onion
Sandy Soil,Onion
Sandy Soil,Onion
Sandy Soil,Onion
Sandy Soil,Onion
